{"initial_reset_timestamp": 155.9548032, "timestamps": [160.2763995, 163.8080137, 163.9078149, 163.9433905, 163.9799468, 164.0161078, 164.052323, 164.0898407, 167.5404779, 167.6437388, 167.6812657, 167.7189074, 167.7559366, 167.7926652, 167.8309077, 167.8703651, 167.9094274, 167.9500684, 167.9948911, 168.0312288, 168.0705431, 168.1104449, 168.1496698, 168.1911123, 168.22862, 168.2684261, 168.3093283, 171.7894849, 171.934121, 171.9876051, 172.0375707, 172.0775693, 172.1230833, 172.1651316, 172.203463, 172.2429404, 172.2637646, 172.30841, 172.3493655, 172.386715, 172.4289306, 172.4690872, 172.5121237, 172.5496924, 172.5892231, 172.6292208, 172.6705236, 172.7114865, 172.7504473, 172.7903744, 172.8278947, 172.8711445, 172.9126911, 172.9524809, 172.9898105, 173.0271785, 173.0642524, 173.103107, 173.1422558, 173.1806231, 173.2221437, 173.2596323, 173.3006269, 173.3402839, 176.7543459, 176.8536148, 176.8915252, 176.9289652, 176.9695465, 177.0062127, 177.0446591, 177.0819273, 177.1229646, 177.1629106, 177.1997071, 177.2399086, 177.2914321, 177.3281845, 177.3678805, 177.4075786, 177.4337496, 177.4721522, 177.5117186, 177.5503198, 177.5861971, 177.6216819, 177.6566424, 177.6920869, 177.7274314, 177.7631352, 177.7991623, 177.846472, 177.8860247, 177.9215973, 177.956774, 177.9917999, 178.0283758, 178.0640125, 178.0991531, 178.1363654], "episode_lengths": [200, 200, 200, 200, 200, 200, 200, 200, 200, 200, 200, 200, 200, 200, 200, 200, 200, 200, 200, 200, 200, 200, 200, 200, 200, 200, 200, 200, 200, 200, 200, 200, 200, 200, 200, 200, 95, 200, 200, 200, 200, 200, 200, 200, 200, 200, 200, 200, 200, 200, 200, 200, 200, 200, 200, 200, 200, 200, 200, 200, 200, 200, 200, 200, 200, 161, 200, 200, 200, 200, 200, 200, 200, 200, 200, 200, 200, 200, 200, 200, 136, 200, 200, 200, 200, 200, 200, 200, 200, 200, 200, 200, 200, 200, 200, 200, 200, 200, 200, 200], "episode_rewards": [200.0, 200.0, 200.0, 200.0, 200.0, 200.0, 200.0, 200.0, 200.0, 200.0, 200.0, 200.0, 200.0, 200.0, 200.0, 200.0, 200.0, 200.0, 200.0, 200.0, 200.0, 200.0, 200.0, 200.0, 200.0, 200.0, 200.0, 200.0, 200.0, 200.0, 200.0, 200.0, 200.0, 200.0, 200.0, 200.0, 95.0, 200.0, 200.0, 200.0, 200.0, 200.0, 200.0, 200.0, 200.0, 200.0, 200.0, 200.0, 200.0, 200.0, 200.0, 200.0, 200.0, 200.0, 200.0, 200.0, 200.0, 200.0, 200.0, 200.0, 200.0, 200.0, 200.0, 200.0, 200.0, 161.0, 200.0, 200.0, 200.0, 200.0, 200.0, 200.0, 200.0, 200.0, 200.0, 200.0, 200.0, 200.0, 200.0, 200.0, 136.0, 200.0, 200.0, 200.0, 200.0, 200.0, 200.0, 200.0, 200.0, 200.0, 200.0, 200.0, 200.0, 200.0, 200.0, 200.0, 200.0, 200.0, 200.0, 200.0], "episode_types": ["t", "t", "t", "t", "t", "t", "t", "t", "t", "t", "t", "t", "t", "t", "t", "t", "t", "t", "t", "t", "t", "t", "t", "t", "t", "t", "t", "t", "t", "t", "t", "t", "t", "t", "t", "t", "t", "t", "t", "t", "t", "t", "t", "t", "t", "t", "t", "t", "t", "t", "t", "t", "t", "t", "t", "t", "t", "t", "t", "t", "t", "t", "t", "t", "t", "t", "t", "t", "t", "t", "t", "t", "t", "t", "t", "t", "t", "t", "t", "t", "t", "t", "t", "t", "t", "t", "t", "t", "t", "t", "t", "t", "t", "t", "t", "t", "t", "t", "t", "t"]}